작년_총매출액,작년_점포수,작년_점포당평균매출액,작년_연령대2030매출비율,매출액_연평균증가율_4년전_작년,점포수_연평균증가율_4년전_작년,작년_순증가점포수,작년_프랜차이즈점포비율,작년_주말매출비율,행정동_코드,행정동_코드_명,prediction_probability
105784347917,11.740384615384615,9010296628.475021,0.3668302058774036,0.026282081277194447,0.0353382805867819,-2,0.03221403221403221,0.25729537311470235,11110515,청운효자동,0.28907483244462234
414597056463,29.147945205479452,14223886230.754301,0.3173744110138005,0.08580458222102605,0.016987860928744825,32,0.07585299370241565,0.19273551217344742,11110530,사직동,0.36647219190001684
156408943797,10.41851851851852,15012589699.6765,0.42563107964850855,0.058786616879636266,0.02007682730549387,0,0.06150017774617845,0.38317101472652176,11110540,삼청동,0.2700293549714667
30497122641,5.6528662420382165,5394983948.886761,0.217662456918996,0.05009998058691534,-0.009510932750187329,-11,0.06422535211267605,0.25366833429064545,11110550,부암동,0.3113818966245317
34184622026,8.122641509433961,4208559738.392567,0.13156491680906438,-0.08097452748799472,-0.014306583238981596,-1,0.06581494386372436,0.30439715952060764,11110560,평창동,0.25064797102992814
31864050968,2.933333333333333,10862744648.181818,0.15624760618164726,0.0054741879571766905,0.012296581122834827,-8,0.11363636363636363,0.14502468288293882,11110570,무악동,0.1583833811873726
38388158877,4.656716417910448,8243611040.894231,0.19088307348832795,0.02498564739992437,0.00014607968470059518,-3,0.2411858974358974,0.12162466704797784,11110580,교남동,0.26419733862091865
109138827537,8.391752577319588,13005486819.519655,0.42264579970278776,0.11169441746331432,0.030064461461373204,4,0.06879606879606878,0.29052131164090716,11110600,가회동,0.12049321797824067
2300110141756,105.47105263157894,21807975594.88211,0.30423816638526613,0.056330818130778004,0.0035261399855053277,-98,0.053569200828363986,0.1850802504566147,11110615,종로1?2?3?4가동,0.2833468155880732
428499526773,23.420245398773005,18296116008.90609,0.21315663261720835,0.0317202767445921,0.0015630148196130733,-17,0.050949574328749185,0.22298632704119156,11110630,종로5?6가동,0.15854592614704824
146727417352,8.525316455696203,17210788375.364513,0.39704514699008236,0.06899353491814453,0.023480201997592598,5,0.2034149962880475,0.2581631349587963,11110640,이화동,0.44166632628326835
222384502757,15.9,13986446714.27673,0.48202549437148595,0.09852558785574672,0.029271703624279333,-1,0.15020347761746208,0.29924382331045907,11110650,혜화동,0.4358041289293078
288624687339,20.4,14148268987.205883,0.19692776973108156,0.0029648602351057818,-0.02147800781909115,-89,0.029871323529411766,0.24576326894617387,11110670,창신1동,0.24449231389982057
52130840442,5.788844621513944,9005396387.434273,0.20888439661960362,0.03056146528914594,-0.0004205259449909793,-9,0.05712319339298004,0.2874254885583646,11110680,창신2동,0.23704144932664042
1988562523,3.210526315789474,619388326.8360655,0.2545516850213716,0.05853126505275985,0.033949558823554105,0,0.0953800298062593,0.2806360476703,11110690,창신3동,0.35071388140790943
15065949142,4.133858267716535,3644524840.064762,0.23681012980814958,0.01169076600414809,0.012627379233933533,-12,0.11047619047619049,0.2568421680923261,11110700,숭인1동,0.29079650901826665
119675822616,10.537037037037036,11357635186.755713,0.24118420196378956,0.02536566548421404,0.012199917729343035,-7,0.08758055067369655,0.27748379382821353,11110710,숭인2동,0.17587780042100948
616618829000,33.0058651026393,18682098684.051533,0.22223494658642673,0.10720806579284026,0.009216603201320783,-68,0.09151488227454464,0.13671274789923743,11140520,소공동,0.1744099246038926
939756546613,56.42651296829971,16654521025.26614,0.15412840670919817,0.06822520651450392,-0.02104359631970898,-122,0.048927477017364655,0.177549803866077,11140540,회현동,0.20166361702302782
994283322289,47.396067415730336,20978181872.51135,0.3368868779935541,0.09734514839843578,0.014780273686174406,93,0.12161441356012564,0.19013563467883535,11140550,명동,0.3514373501969101
147239143661,12.78186968838527,11519374492.981606,0.3330218913993036,0.09744754615948947,0.009184758040122531,6,0.11901595744680851,0.15016459072124053,11140570,필동,0.2116089502509951
87232092627,7.283636363636363,11976448064.116325,0.24006653526638203,0.0009995319576427963,0.035197857466257254,-1,0.07189216175736396,0.25785967773559737,11140580,장충동,0.16196636497574513
670154778732,54.6657824933687,12259127157.162598,0.2707403825446098,0.11641454380491512,-0.012790303779774859,-240,0.047115337959144056,0.23970100701205307,11140590,광희동,0.22065170590532282
928778392471,31.701117318435752,29297970262.103977,0.19808214275155459,0.006886766183187509,0.0024572178772734876,76,0.04634769583223192,0.13504998039122282,11140605,을지로동,0.34385747981126386
290517603087,125.77247191011236,2309866369.602948,0.24924773533022523,0.05112672537800078,-0.019220491765261305,-972,0.011055276381909548,0.21133886311740468,11140615,신당동,0.2616395861121312
165640946578,9.751479289940828,16986237846.894417,0.28918379528484317,0.05439494681491008,0.017000274922091663,-22,0.09162621359223301,0.22135849296619442,11140625,다산동,0.2720414562053206
105490692433,8.516447368421053,12386701622.105831,0.2607820510276051,0.005965230226612661,0.022186220821308167,-28,0.09810737736577829,0.21307983186551124,11140635,약수동,0.21869337670341957
41619602426,6.644518272425249,6263750165.113,0.23879216281968624,-0.014157253335076336,-0.008369739996197612,-25,0.06849999999999999,0.2234482575737039,11140645,청구동,0.29305015386814054
113235286219,8.922600619195046,12690838809.41603,0.260940752583554,0.06627871465825907,0.00017263807373768536,-22,0.08743927827897294,0.2606937270764528,11140650,신당5동,0.19889456028066943
92009664222,6.796178343949045,13538441689.64761,0.2937121359425452,0.09831312144480986,-0.006500863730935724,-15,0.07029053420805999,0.27324977287536395,11140665,동화동,0.16970484817162215
225546147808,15.716374269005849,14351029311.690418,0.2402501546961823,0.032913946831146346,0.007268070605370491,-14,0.06455813953488372,0.24772650964787699,11140670,황학동,0.16439115107294885
130079363598,8.294303797468354,15682975542.528807,0.2069824421589803,0.10709304195941827,0.00500971752051993,-7,0.1056848531095002,0.19893418211955236,11140680,중림동,0.18077588342659048
88218313153,10.3875,8492737728.327317,0.26268189120562385,0.021908096852839787,0.026381890494391547,3,0.0634777376654633,0.23632002805180638,11170510,후암동,0.15841079821203213
55159711515,8.149825783972126,6768207441.130824,0.5071578795583916,0.009514849897860556,0.030828658243075457,8,0.08465156049593843,0.3809753381919949,11170520,용산2가동,0.35165941537724116
253251306549,12.978494623655914,19513149551.8285,0.3832124801821016,0.11213227450525776,0.019982273524809413,-12,0.13939519469759734,0.19922221008260865,11170530,남영동,0.2127317329173033
160644640036,13.344537815126051,12038231841.488665,0.3189275887730746,0.018385700978176933,0.029317038175458165,-29,0.1376994122586062,0.22610294788459978,11170555,청파동,0.27644550663652895
467322932571,18.432664756446993,25352977377.161354,0.1905689638427269,-0.12201966530427344,-0.0010077847821208241,-35,0.05425151562257111,0.05417347622707063,11170560,원효로1동,0.25684737019917225
217234387083,10.820987654320987,20075282776.637764,0.10104957360923197,-0.0006749058372430561,-0.01759569799021865,-5,0.05818596691386196,0.04240597750060769,11170570,원효로2동,0.2790769361806027
44420578258,4.977443609022556,8924375994.432024,0.16289336219293482,0.02125227059557644,0.01673307556543291,-8,0.08232628398791542,0.15396505996110665,11170580,효창동,0.20033641138559705
114291719796,7.327759197324415,15597090013.237791,0.13500696174264784,0.05226222399371094,-0.000466690568486805,1,0.08032861706983113,0.22969003649482891,11170590,용문동,0.20980353775945101
2429295877677,52.37270341207349,46384771444.06821,0.21778859181612858,-0.1326475166011295,0.011802989913189288,-51,0.06790618422371454,0.2066167605400832,11170625,한강로동,0.4245130493811999
136203632374,10.318032786885245,13200542699.10073,0.143273118718419,-0.0005119443787142686,-0.0017941991046389605,-29,0.08802033682872577,0.225686355813135,11170630,이촌1동,0.3022103037985194
24914311941,4.714285714285714,5284854048.090909,0.13685522458233879,0.04072158477641241,0.04013146223343145,-15,0.07125307125307125,0.1190209778227967,11170640,이촌2동,0.24847482806554402
298125595611,18.441860465116278,16165700644.732662,0.5501220329602208,0.07860150785513564,0.018598659145635743,-12,0.06210592686002522,0.43931939436322415,11170650,이태원1동,0.47736146100631904
67377125143,10.365325077399381,6500242359.972819,0.45958274940166516,0.02374481852369792,0.017386338287095793,-20,0.047491039426523295,0.31440059527682007,11170660,이태원2동,0.289643303460697
378703378789,25.753501400560225,14704927803.74951,0.44204165423163755,0.05615643391232239,0.018744215658480057,-20,0.05634109201653252,0.28651617510773497,11170685,한남동,0.4268673590172525
13177256401,4.88013698630137,2700181662.520702,0.1858936524764067,-0.15000200219137527,0.011212522869417318,-2,0.07859649122807018,0.22067548004752527,11170690,서빙고동,0.24096917196336565
45100566157,7.86687306501548,5732972400.122393,0.2518674570393819,-0.13585156162272427,-0.03149739660787132,-117,0.059818968909878,0.2553648965050175,11170700,보광동,0.28107771135264203
52527917597,7.635738831615121,6879218731.20027,0.2461268224677991,0.06293688474455461,0.04307826558977701,-13,0.1062106210621062,0.20793191932329325,11200520,왕십리2동,0.2093598188245724
165868153854,20.5561797752809,8069016503.419514,0.2806284590710026,0.06077498661717895,0.014527312179233087,-72,0.10877288876742279,0.20342271302241488,11200535,왕십리도선동,0.3440953294771282
108038664342,27.49411764705882,3929519242.220796,0.21932843851150985,0.025629217955564165,-0.010267084930165149,-80,0.024390243902439025,0.21999664076520928,11200540,마장동,0.27582101729179614
151403723097,10.084805653710248,15013053131.202171,0.5808595658883278,0.03988888561181647,0.013730275761748567,-17,0.2431674842326559,0.2161973963944655,11200550,사근동,0.4962744335533744
164759995721,12.956772334293948,12716129562.986433,0.3097043820540486,0.053694416567230396,0.018793796608840507,-3,0.13701067615658363,0.23737069442042488,11200560,행당1동,0.2816016704642672
24080395803,6.993055555555555,3443472686.8242307,0.2026653605250128,0.01601622916158285,0.007035091353402523,1,0.1454816285998014,0.2172957304276582,11200570,행당2동,0.21716404659012095
10730830181,4.325490196078431,2480835626.613781,0.16973565104263577,0.0350709873838837,0.015907749285513306,-16,0.07615593834995467,0.21268778785084755,11200580,응봉동,0.31090691465336345
20646962240,5.772277227722772,3576917986.689537,0.1872257014405234,-0.08626012483779866,-0.00996162996347072,-6,0.09719839908519154,0.19323809912677983,11200590,금호1가동,0.18903115514507404
74076480454,11.162790697674419,6636018040.670834,0.1775210819737308,0.002104309582272812,0.008443329009553135,-16,0.10327380952380952,0.251632214013935,11200615,금호2?3가동,0.18567660036280553
68522026235,7.0,9788860890.714285,0.2217021483851046,0.11221532570575365,0.03143398383504481,-8,0.11045184847101781,0.21421083589473044,11200620,금호4가동,0.0593035430811325
44793536171,10.750809061488674,4166526994.8341355,0.2543553279764571,0.061789712873088876,0.016632054646720684,-5,0.10264900662251655,0.20104374708488115,11200645,옥수동,0.17948915436561438
81964301440,13.017492711370263,6296473772.43449,0.289527288869431,-0.04172453157713163,0.04200546959809737,21,0.07077267637178052,0.2541494802862313,11200650,성수1가1동,0.2466913729317371
252279842873,22.231805929919137,11347699042.905312,0.33692473284831337,0.033957776322818045,0.06409434673478986,31,0.0643792434529583,0.21397387509542204,11200660,성수1가2동,0.4920855826777444
321803506257,17.383522727272727,18511984671.100506,0.4113395338778122,0.13304089301281752,0.024274842448083644,-3,0.06030397123713026,0.28574155864406403,11200670,성수2가1동,0.2398362114455451
482163508799,31.663265306122447,15227851711.989044,0.38357731828706065,0.06019425873393791,0.021877187245417984,3,0.07202707057686111,0.21033132793605208,11200690,성수2가3동,0.3794496890828302
29081694142,5.936708860759493,4898622254.196162,0.24802155963751418,-0.013522075065900863,0.011049498063016916,-2,0.03571428571428571,0.17955444124070866,11200720,송정동,0.1593761427183098
134918528975,13.88728323699422,9715257237.325703,0.2326518440459449,0.06201481801568609,0.004078305770744084,-34,0.05744016649323622,0.20163916283908623,11200790,용답동,0.22773119487312768
360220368908,22.75197889182058,15832485192.639685,0.6023384842527191,0.047951282107627335,0.024517582167579377,-43,0.17047431288414705,0.2842612748396581,11215710,화양동,0.6048667707398127
164608900041,15.222543352601155,10813495237.172205,0.3508528956308865,0.032754329665393156,0.034566545993879316,-42,0.1142965635086387,0.2230024067888,11215730,군자동,0.29520739907953686
222360742270,13.411267605633803,16580143563.505566,0.24136742838279787,0.07114508300591349,0.016844730687021636,-6,0.062381852551984876,0.2522033458266887,11215740,중곡1동,0.22824173589769262
157329125551,13.845481049562682,11363211215.833439,0.24800938434219874,-0.006539820856662937,0.020386918244617025,-4,0.07327858496525584,0.21462199429217751,11215750,중곡2동,0.20008647074239963
76348685789,10.393188854489164,7346030834.03247,0.2653526031474779,-0.010345314312201315,0.0029676656994857,-22,0.10008936550491511,0.2403111330259914,11215760,중곡3동,0.23261950663859016
130831896857,12.522522522522523,10447727015.19928,0.2674024464021839,0.000582637310477363,0.014642450560045539,-54,0.08009592326139088,0.27518754393167455,11215770,중곡4동,0.14684417695767077
102352125860,7.745454545454545,13214476343.42723,0.3772584643411919,0.0016816337625042976,0.019571232197167054,-2,0.12010954616588419,0.28459318217623586,11215780,능동,0.23667393676022802
162931131931,12.205714285714286,13348758468.12968,0.19224017783946024,0.06851188762265359,0.011860670374383098,-37,0.11633895131086142,0.24729600234449622,11215810,광장동,0.21689634223269835
168889001102,13.717032967032967,12312356579.436811,0.22894251205647112,0.057305850719182816,0.011337380498843919,-11,0.10394552373322652,0.239492013666253,11215820,자양1동,0.24574652505706834
71136201131,11.616045845272206,6123960087.49852,0.23604390394812128,-0.014287513876540037,0.001787487154102152,-20,0.08485446472619636,0.24383391410032929,11215830,자양2동,0.2364106905023047
181360035631,14.488636363636363,12517398537.66902,0.34963572960481537,0.06293808217045127,-0.00032810195388388586,-29,0.10882352941176471,0.29256037331705637,11215840,자양3동,0.2565263437705122
179433767538,16.504109589041096,10872065928.18227,0.4123961312038379,0.06855923402805386,0.013986051513769748,-38,0.07719123505976096,0.3018175879327225,11215847,자양4동,0.23605211866576087
229936875542,16.048022598870055,14328050333.016724,0.2851458538759864,0.040293965940617626,0.012104120602680402,-53,0.10051047350818519,0.2302507681084388,11215850,구의1동,0.2353605848480407
122500987741,11.331395348837209,10810759308.082094,0.2171167499664022,0.029406313221792102,0.01075690485814862,-27,0.10672139558748076,0.26102655585607093,11215860,구의2동,0.20860935540753617
472450551443,24.091145833333332,19610962247.769108,0.21002969394770976,-0.03611281119095089,-0.0031749870809926195,-84,0.09696249054156308,0.27243827680986205,11215870,구의3동,0.15764788206069164
454277663207,29.099462365591396,15611204684.804066,0.17203154598510267,0.06740174810204169,0.01531803479032079,-88,0.08138568129330254,0.21464898461135137,11230536,용신동,0.2020129614952315
3115378860325,34.41388888888889,90526789064.25053,0.0939529189103072,0.10309437959411949,-0.0035356577804511735,-20,0.02558721446444426,0.28545912941716045,11230545,제기동,0.3012746721076087
184159658401,20.576315789473686,8950079318.631538,0.31185167635328404,-0.004533934346584112,0.008611486169616933,-26,0.11165110627957538,0.30212964052010793,11230560,전농1동,0.41481412327877676
59426296808,8.086666666666666,7348676439.571311,0.18843570122129022,-0.008725359541605915,0.013643532488847754,-22,0.14591920857378401,0.21037239850888742,11230570,전농2동,0.2754146259971161
143565678518,13.625,10536930533.431192,0.17304419900669507,0.019057749840710736,0.012224045491281199,-22,0.11307872839769575,0.20494522265160323,11230600,답십리1동,0.22066235352033212
120118153702,18.55492957746479,6473651823.927432,0.20979542492402137,0.010847142588126468,-0.0026082824603664845,-25,0.05768938818885683,0.2262379324978546,11230610,답십리2동,0.26489116766349047
647566704637,28.13421052631579,23017056193.252266,0.1725106967653956,0.08807304294253959,0.013616500403736964,-52,0.08820503227013375,0.13534038048501668,11230650,장안1동,0.20525642809460481
384977583479,22.225,17321826028.30146,0.17507164169904585,0.03796435183800928,-0.00046851317076979093,-29,0.12410948631421072,0.2667995370972107,11230660,장안2동,0.1474003646414648
217557476515,12.988538681948423,16749957931.55416,0.18763213925302868,0.05311732899868615,0.012234215786629088,-33,0.058018971983234066,0.2755026188395206,11230705,청량리동,0.21348643870027867
128229162667,12.64527027027027,10140484143.583221,0.4717814353362286,0.026393227921200246,0.034572214404753776,-20,0.15682607534063586,0.225692561739295,11230710,회기동,0.39221370136576006
78014811230,8.741071428571429,8925085656.547497,0.31831299337234836,0.05635006416902266,0.0246615343546448,-21,0.1052093973442288,0.24753241935134013,11230720,휘경1동,0.3186799381772758
59518660606,7.8941979522184305,7539544988.135754,0.2337282778268305,-0.010176257544088019,0.03329562180095125,-1,0.12624297449200172,0.22688686222953544,11230730,휘경2동,0.1017370893905017
106885806601,10.794642857142858,9901745524.658396,0.4165696040000079,0.05029415627121403,0.0031953113237048747,-20,0.1483319547835677,0.23836841100062048,11230740,이문1동,0.35185409820346086
33566537371,6.386440677966101,5255906860.108811,0.2138731598571833,0.022928157957988082,0.0016606185756278258,-19,0.08864118895966029,0.24821114608616507,11230750,이문2동,0.2602930790501649
102979103321,12.828488372093023,8027376284.256515,0.17202235187250392,0.005015215468964662,0.0018918993294636532,-18,0.06480852028098799,0.23695514734613096,11260520,면목2동,0.23705323042811977
49789254368,7.917808219178082,6288262229.868512,0.19568365083333877,-0.03176521642048746,0.01926533049322754,-23,0.08391003460207613,0.2128339649089159,11260540,면목4동,0.2441707702436585
36834538106,5.9573770491803275,6183012725.55311,0.21748914958417967,0.040815786627494965,0.009311064774546907,-7,0.09025866813428729,0.23611383286446905,11260550,면목5동,0.15805205448605006
228375288428,18.474431818181817,12361694837.252962,0.20877463335982507,0.017220922033754915,0.016674085296436436,-38,0.07442718745194526,0.2714949420700902,11260565,면목본동,0.2224599723538763
185927240298,12.049382716049383,15430436950.961065,0.19171971457150402,0.05484066739127291,0.007445663739073405,-43,0.07479508196721311,0.21555531618048285,11260570,면목7동,0.25207872401397663
151638885382,15.444444444444445,9818345096.676258,0.25480076974099425,0.0337295231277801,-0.004416310485419683,-39,0.09241837299391256,0.24667329566404292,11260575,면목3?8동,0.2025688029049711
51591357861,10.674050632911392,4833343932.42692,0.23533841638190722,0.02356284590533253,0.007263538382718648,-33,0.12066409724281056,0.2773685155671658,11260580,상봉1동,0.25471171746838756
276305574324,18.618384401114206,14840469955.463196,0.39989747017348704,0.061577994657488144,0.03013989390476124,7,0.10771992818671454,0.2869459674745089,11260590,상봉2동,0.32624380410287906
82846974545,8.201277955271566,10101715244.481884,0.12571672483154767,0.12009040843896779,0.017752788690249766,-21,0.07947019867549669,0.25159096015845944,11260600,중화1동,0.15549921976148334
153888119042,14.49266862170088,10618342491.566572,0.22196512445952676,0.003429936780027454,0.010345323105588333,-18,0.08781869688385269,0.28618691062810475,11260610,중화2동,0.1901492091224616
192899987573,12.758928571428571,15118823378.709587,0.17386041384947312,0.10036051534135937,0.015615446768620922,-39,0.11383251691159318,0.20206244955951302,11260620,묵1동,0.19046461486612296
118283580531,11.317365269461078,10451512142.157143,0.23413027499401712,0.015034276184229478,0.004101500283832493,-12,0.0671957671957672,0.26409037222890963,11260630,묵2동,0.22605284971563006
273970078376,20.986376021798364,13054663563.229292,0.18471550804006767,0.012610391379060726,0.05747000302502281,90,0.11152947286419111,0.2739273349442318,11260655,망우본동,0.3043305453738314
58330537236,6.823717948717949,8548204611.381869,0.21007959948013533,-0.0328935488233556,0.004671577799852722,-16,0.07984969469234382,0.2611605860814568,11260660,망우3동,0.20923792799490307
145431950686,14.371014492753623,10119811009.816458,0.176881172559809,0.006201778576272021,0.022088008383696955,-11,0.14017749092375958,0.21521767821555493,11260680,신내1동,0.23472099936601495
132066207579,9.700325732899023,13614615757.80826,0.1890885852466234,0.09455444820054959,0.049495933608246334,-68,0.12357286769644057,0.22746421790017954,11260690,신내2동,0.19155726504046403
112274279782,11.718023255813954,9581332732.574547,0.17499156783858388,0.02988073291930471,0.030087131974396275,-6,0.06450012403870008,0.2595871460461826,11290525,성북동,0.1767531412811193
243582018561,16.51685393258427,14747482756.414286,0.24857688679855,0.06468452500833854,0.028241713297316506,-19,0.08061224489795919,0.2343410185456904,11290555,삼선동,0.19746735312016078
268766139826,19.48870056497175,13790870198.348167,0.43779659141280447,0.047292307930284494,0.0082937614217653,-23,0.15060153645455862,0.2854612073182665,11290575,동선동,0.3590652565238559
35256718431,5.86,6016504851.706484,0.10326391371690505,0.04579537677030876,-0.008970639582743689,-17,0.06484641638225255,0.18157727564829473,11290580,돈암1동,0.2888102850729618
31317004804,6.67870036101083,4689086665.247568,0.17122400541047603,0.05604602659669933,0.043144845693700695,-29,0.09405405405405406,0.21088985889086176,11290590,돈암2동,0.22897609226470533
160003449426,12.442724458204335,12859197353.719332,0.457378231160235,0.0905801158281061,0.014578857422487657,-10,0.20527494401592436,0.19678813664303108,11290600,안암동,0.3028487430425507
57290154265,9.117647058823529,6283436274.225807,0.25748667720051915,0.008910412475594987,0.029845592535940213,-25,0.0767402376910017,0.2365664373900949,11290610,보문동,0.22280892366043484
43320029634,7.351791530944626,5892445324.607,0.20693368944429932,0.03280064276086092,0.009702203181199298,-29,0.0974745237040319,0.2043016731930798,11290620,정릉1동,0.2361162081107577
58882850660,8.93581081081081,6589536406.563327,0.19336744466983996,0.0312829135297934,0.02529861958479418,-28,0.11228733459357278,0.22100668745034566,11290630,정릉2동,0.2128831136646106
46972373497,6.508417508417509,7217172751.479048,0.2734516873161701,0.050377449060521995,0.025717734292234784,3,0.09156751163993791,0.2520008338679331,11290640,정릉3동,0.1826268119146817
89531896756,8.236923076923077,10869580293.500187,0.1833052720610453,0.011487931773548787,0.010416148378220802,-41,0.10534180052297347,0.26803123730752204,11290650,정릉4동,0.193299343253788
49735350049,11.08761329305136,4485667810.958856,0.15459651190601395,0.07230149097991223,0.04415502148801953,10,0.13978201634877385,0.23753414177965626,11290660,길음1동,0.1637452001334402
88396455627,14.490506329113924,6100301371.070539,0.1907679690366371,0.023616539480292076,0.034928195034689136,-63,0.10155055689015069,0.2594425780799638,11290685,길음2동,0.2159816915943341
164141680873,15.586309523809524,10531144696.071796,0.17533146970919042,0.04864960758806891,0.013660937455309163,-34,0.11533320603398893,0.2055642838524766,11290705,종암동,0.20304767148324296
74879313182,10.285714285714286,7279933226.027778,0.17311125859947127,0.03488674036823203,0.01814395548640868,-38,0.11631944444444443,0.2232496223004686,11290715,월곡1동,0.2527268165510041
112951692568,11.692753623188405,9659973707.47645,0.23952078522163434,-0.0202399393768663,0.011086613726623451,-22,0.14452156668319288,0.22604666692912836,11290725,월곡2동,0.23975223752630076
45448382886,8.643312101910828,5258213790.053059,0.25435615515730453,0.031456622676589774,0.030989736429698267,-39,0.09801031687546058,0.28142753312219576,11290760,장위1동,0.24895175545156725
55523824660,9.290969899665551,5976106397.890569,0.1555255151798111,0.025914402026698147,5.368567992181106e-05,-33,0.05147588192944565,0.20552021655346825,11290770,장위2동,0.28144226295398406
36500803349,5.630662020905923,6482506535.373143,0.15032043995136674,-0.0033529575387786226,-0.009749298411951268,-30,0.135519801980198,0.15776132426295655,11290780,장위3동,0.26682233038597497
168206695253,15.929203539823009,10559642535.327223,0.24150483110020846,0.051809010591678195,0.011286776065931203,-25,0.10518518518518519,0.26956227696406937,11290810,석관동,0.15843801714707184
75545908384,8.115625,9308698761.21679,0.16818085280566822,0.02632306892819236,0.0006820626269490315,-24,0.1012706969580285,0.23157112213247458,11305534,삼양동,0.23660331853164163
184551542032,14.154970760233919,13037931703.148935,0.19298301493912492,0.03361242893324068,0.004378022221315225,-48,0.08965089857467466,0.22947234498672942,11305535,미아동,0.23409475935134527
316989521526,18.202185792349727,17414915172.39808,0.2906208661583278,-0.012396062315827683,-0.002591665234385032,-104,0.1149804863404383,0.2767792303689879,11305545,송중동,0.2149405997648488
170504735473,14.883720930232558,11455786914.592188,0.1788294533252327,0.012169831196106484,-0.010058403857169274,-59,0.0947265625,0.22434069149978064,11305555,송천동,0.2761139121290343
51398364610,9.880794701986755,5201845211.869973,0.16668971989690703,0.00988882173551131,0.013186567727204723,-41,0.12131367292225201,0.22869431012427693,11305575,삼각산동,0.2470634493470981
251469462873,14.403954802259888,17458362395.968227,0.2778473023234897,0.03474304328647548,-0.004561032210738114,-65,0.09962737791723868,0.23622023599342545,11305595,번1동,0.2594879760998932
20528672654,4.984674329501916,4118357849.880092,0.1496026240352948,-0.1212085824659408,0.009988901184800003,-15,0.06456571867794005,0.20071084265631547,11305603,번2동,0.2235743834883979
54440695849,5.375,10128501553.302326,0.1266281008810182,0.01320351649082463,0.0076391849458103955,-17,0.13554817275747508,0.21286893375028137,11305608,번3동,0.21800065796978782
231343081902,11.793696275071634,19615824971.76822,0.13022249588929485,0.03023286832715244,-0.009072044739569796,-33,0.06972789115646258,0.28035771704413903,11305615,수유1동,0.2490945117061392
101825232636,10.391566265060241,9798833981.203478,0.17114905717228515,0.050777316790056704,0.01402376764817892,-4,0.07710144927536232,0.22567436394813326,11305625,수유2동,0.15879031818042713
363972124650,22.555248618784532,16136914773.214941,0.35460519328536994,0.05799656593925406,0.021170377290732123,-42,0.11304347826086956,0.276777253889627,11305635,수유3동,0.3906411154762517
124581095775,10.192307692307692,12223050906.226416,0.1758874398614592,0.044739988906766115,-0.01589378274178188,-28,0.08647798742138366,0.34321089796177784,11305645,우이동,0.3092565575744918
84477163476,11.476744186046512,7360725490.31003,0.19136977534281055,0.015319455539734683,0.01068387952855221,-30,0.0792806484295846,0.21675578823384783,11305660,인수동,0.2178960044912342
111439158717,9.614147909967846,11591163331.433779,0.26000129853439014,0.022071455612997948,0.011703321054463478,-21,0.10468227424749163,0.23499232693870947,11320511,창1동,0.19787665819719738
82686834315,10.47305389221557,7895198016.35506,0.17688856579368006,-0.012942786423962294,0.006557455062736528,-6,0.07547169811320754,0.2603297218514393,11320512,창2동,0.15265201332735115
66814198977,8.113013698630137,8235435247.481637,0.140973977855252,0.0387642615406667,-0.004399910688882014,-15,0.07978049810046434,0.24757305306756996,11320513,창3동,0.24833152201290967
89810861704,11.014662756598241,8153755016.25772,0.2127041640794009,0.08178357883698628,0.010569077017081874,-11,0.12965921192758253,0.264453998017282,11320514,창4동,0.19534603076384768
235758862663,13.472527472527473,17499230426.046494,0.21946648420577175,0.010694068474587981,0.06664655987834922,32,0.12438825448613378,0.2420873320490328,11320515,창5동,0.16236225387141623
187607055178,12.148255813953488,15443126820.10816,0.12038499150563113,-0.005969861927400344,0.0024044333964177156,-24,0.09978463747307968,0.3216140805032769,11320521,도봉1동,0.2440779696926835
48503987491,11.187116564417177,4335700554.446395,0.17855731037797698,0.02557292079093476,0.02301966582278525,1,0.06279133534411846,0.20771672359657958,11320522,도봉2동,0.14145023620023175
50657262617,6.686708860759493,7575814002.353053,0.2281112390017322,-0.026329683108663904,-0.011608102435919365,-19,0.10269758637008992,0.23674457030323906,11320660,쌍문1동,0.30631601159316624
107235366454,10.019886363636363,10702253754.411114,0.19071848979760841,-0.007087096537451321,0.008306550910320842,-20,0.10915792458179757,0.2569138783222048,11320670,쌍문2동,0.19918610460283187
124185210045,8.957055214723926,13864513176.25685,0.19336386893655555,0.009520669446549945,0.017000414406011632,-12,0.10205479452054796,0.2207103347175403,11320680,쌍문3동,0.28790427567294946
57291588350,6.382352941176471,8976562229.953917,0.13779265217386838,0.04945566514683586,0.0429218241670144,-5,0.11117511520737328,0.20323350260195744,11320681,쌍문4동,0.09197648543790869
219194051229,19.236842105263158,11394492403.14911,0.19694525955405393,0.04728942744267872,-0.002345375723920462,-66,0.12494300045599635,0.2384782930280734,11320690,방학1동,0.24497039241883542
226503963529,10.391156462585034,21797762774.967594,0.1452257163296326,0.06437017632823183,0.0024010090849635457,-38,0.06448445171849428,0.13975420687041146,11320700,방학2동,0.31097805396217604
56058158895,7.02076124567474,7984626870.702316,0.15399337349214953,0.03111394620403085,0.005916280238441374,-28,0.10497782158698866,0.26411218662624614,11320710,방학3동,0.24228360490450884
92846647325,11.407407407407407,8139154148.620131,0.2859452034284858,0.04292985074882383,0.005560270440338577,-34,0.16369047619047622,0.2518620068869568,11350560,월계1동,0.2973782760910915
20679345148,6.399339933993399,3231480959.176895,0.1500763644974586,-0.041816903706973885,-0.0035293102141350507,-25,0.11346054667354306,0.169200559880321,11350570,월계2동,0.2669413780050226
33828645880,8.303030303030303,4074252970.9489055,0.1262290857915948,0.009437931050383597,-0.01182666721273784,-43,0.13828061638280617,0.23326486942432706,11350580,월계3동,0.2986419874415235
256294809674,21.968668407310705,11666378904.818398,0.23438968928949844,0.04992632348879367,0.01626781780618125,-67,0.11504635131922986,0.2590170408696124,11350595,공릉1동,0.18205571366076637
163368278185,14.517711171662125,11253032675.280594,0.285143375853227,0.048411809391860405,0.031332501194182294,0,0.16272522522522523,0.22251000421168454,11350600,공릉2동,0.38245081304479966
228569463996,10.141447368421053,22538150196.16737,0.13124681054300844,-0.008135318438162287,0.000858112075559303,-37,0.13039247486214725,0.28833189567768913,11350611,하계1동,0.23745142042382533
11348992108,5.066079295154185,2240192355.2313046,0.2088774406961637,-0.06128184966492445,0.01621411741356238,-7,0.09565217391304348,0.22262344902143447,11350612,하계2동,0.23327151441978106
173112648760,13.508928571428571,12814683847.402512,0.10796003282180962,0.04072834956369831,0.001579406763296598,-48,0.09737827715355805,0.24108696155334594,11350619,중계본동,0.2833319118919405
47181022728,11.324675324675324,4166214162.908257,0.10725201770577439,0.049357120212333294,-0.007159250775401138,-41,0.16714449541284404,0.2469654978056456,11350621,중계1동,0.3688093473373932
174688707054,10.825082508250825,16137401901.634756,0.1768986585689679,0.11203294678534914,0.004212664353941076,-32,0.11432926829268293,0.2675808127800192,11350624,중계4동,0.20322078728496223
213544625573,14.04361370716511,15205817393.285936,0.180045017681125,0.04999398141945477,-0.012940442386655815,-79,0.10780834072759538,0.2848343763079492,11350625,중계2?3동,0.24311269222904047
189308430315,15.69767441860465,12059648153.4,0.19744927697516418,0.02713254578244917,-0.004562874267798445,-63,0.12074074074074075,0.28920796234430496,11350630,상계1동,0.23322506925037978
354486979157,27.557692307692307,12863449348.334963,0.3450798335524264,0.006267313387629425,0.006600600369218057,-100,0.10876283521084638,0.2811645268580011,11350640,상계2동,0.32468579939201403
57625984455,11.21671826625387,5137508412.631797,0.1453868761156247,0.048748415786729726,0.015307938502086227,-50,0.05906707148771736,0.25909163092318405,11350665,상계3?4동,0.25110320457902346
94027626893,14.343839541547277,6555262042.680184,0.16884577523227826,-0.035321440940120685,0.0179937910788317,-42,0.06811825809029165,0.23901146466850884,11350670,상계5동,0.2725403013411013
413389087280,18.185410334346503,22731908693.819157,0.29512457030430783,0.06570865961449357,0.029786742927062182,-35,0.13103794083235834,0.22072562795107561,11350695,상계6?7동,0.28165054554854374
50713468849,5.831460674157303,8696529340.194605,0.2137900590133619,0.038380948587904085,0.010528703755875224,-26,0.12138728323699421,0.20900452050637047,11350700,상계8동,0.2078751861688536
79880242300,6.130281690140845,13030435849.052269,0.17691074417284286,0.04566434257043461,-0.013152711903468228,-13,0.10913268236645605,0.21888492231075768,11350710,상계9동,0.25856747375991096
19724983766,4.968858131487889,3969721663.2130923,0.2596879661229121,0.027259912223797977,0.041633175303332326,5,0.10445682451253481,0.23670381047653533,11350720,상계10동,0.1755291713066968
182357259402,14.919075144508671,12223094101.722588,0.1432051251024317,0.034558379506989256,0.01454586404157343,-72,0.1007361487795428,0.19865425254687005,11380510,녹번동,0.22390996532277252
197258883266,14.75,13373483611.254238,0.21952613195931991,0.0060341546697599835,0.002408917213454931,-68,0.10835351089588378,0.23573097438808654,11380520,불광1동,0.1949612701514192
125119312467,11.974576271186441,10448746547.138004,0.17622694350095225,0.011189566757668468,0.007188706942758527,-20,0.05614531729181411,0.24774220678502765,11380530,불광2동,0.2099842286455448
183136244917,13.568047337278106,13497612468.806368,0.3386039401381421,0.02525620543626461,-0.01682920434670865,-76,0.10793720017444397,0.27290373216755104,11380551,갈현1동,0.25868830978182467
221697655968,15.221590909090908,14564683632.089586,0.21846030494337176,0.015099188440315991,-0.002269825179270324,-60,0.10880925718551698,0.24632836932151644,11380552,갈현2동,0.1976998654025535
63583554128,10.867313915857606,5850898816.424062,0.21006177621200747,-0.013203161883499903,0.025122152496795502,-45,0.09172126265634306,0.21700925678396044,11380560,구산동,0.21863367204552758
246333573334,23.445652173913043,10506578000.337505,0.2482039967369769,-0.005282032412349591,0.007255737745446522,-96,0.09318497913769125,0.26105295603700884,11380570,대조동,0.19064019842213814
167009944606,15.957627118644067,10465838270.583113,0.23574214076821834,0.005978864480255863,0.023361844536476495,-47,0.13931669322003895,0.23509669376053083,11380580,응암1동,0.20051785592131746
67546048194,8.424920127795527,8017411105.317406,0.15629985807130903,-0.049355011054686315,0.027507761610678916,-31,0.09404626469472885,0.25156663787637246,11380590,응암2동,0.16848820354140043
197041212320,16.557142857142857,11900677189.301123,0.22682965331341198,0.029334436320187063,0.0013856539737380213,-24,0.08938740293356341,0.2713964982419674,11380600,응암3동,0.16249743435329717
149542059154,20.47252747252747,7304523555.026302,0.22286678561566758,-0.016915429651558567,-0.001948970381507209,-54,0.10681696188942566,0.23391830395338198,11380625,역촌동,0.25270886958154076
93651467481,10.961764705882352,8543466311.655488,0.23591965256158398,0.02305729620588637,-0.0012508683260453735,-26,0.10651998926750739,0.23380591396971234,11380631,신사1동,0.21475702166456348
44210679291,7.557823129251701,5849657835.982898,0.1460869561059828,-0.022330246185128022,0.0109822054220452,-17,0.07425742574257425,0.20241495282389235,11380632,신사2동,0.21554520272887334
55201637818,8.302931596091206,6648451475.137701,0.16553133700718634,0.07628100797695403,0.007717127691555081,-52,0.07806983130639465,0.19985964015007046,11380640,증산동,0.21971603206303253
24209697119,6.246666666666667,3875618535.5923157,0.13838845680438602,0.1511567832666607,0.04555134215553447,-5,0.11419423692636073,0.23068962112776278,11380650,수색동,0.08416010737949708
134173393894,20.287634408602152,6613555390.031535,0.18616136391193253,0.07630681375061488,0.02859078257151748,-77,0.16244865509473963,0.3544575381507641,11380690,진관동,0.3448217698335293
71174788158,8.335714285714285,8538534997.532134,0.16738796388902066,-0.004066087327235901,0.014960813199056622,-22,0.09854327335047129,0.2137489297506256,11410520,천연동,0.20279323446904793
54731592172,7.866043613707165,6957956866.222574,0.20674689110887792,0.008854910498288682,-0.008890032920740643,-24,0.11089108910891088,0.28772006976358644,11410555,북아현동,0.29695266702023076
128993861854,13.713414634146341,9406399886.196531,0.2593852435619785,0.026560497347722256,0.00873810472548242,-11,0.10626945309026234,0.1237289203114519,11410565,충현동,0.23736038115055424
515701376300,35.77368421052632,14415663012.65264,0.48284073013050827,0.06743461482851032,0.011776002632226223,-116,0.14955127262027362,0.23596992932826502,11410585,신촌동,0.5313178069689345
249749010223,20.814917127071823,11998558951.65574,0.30044554080114527,0.022002068096552252,0.010555686053027591,-35,0.07113470471134704,0.250093263505746,11410615,연희동,0.3044002155783445
82461676557,8.464285714285714,9742307778.886076,0.21975592805797384,0.02792414072923477,0.01836803267170173,-24,0.13959212376933897,0.23145620039397327,11410620,홍제1동,0.21093856321105753
234086037091,10.275,22782096067.250607,0.12918312367449894,0.05130014648201486,0.009411737123043551,-13,0.09093673965936738,0.21505943150906345,11410640,홍제3동,0.2644344472606043
42664577602,5.6655629139072845,7530509898.190532,0.3008441216677676,0.13029290678258265,0.017834337740372908,-19,0.11046171829339567,0.2422221752294005,11410655,홍제2동,0.20758989917502096
84658330953,8.740506329113924,9685746770.871832,0.12017974802324473,0.00452903893984713,0.01607191516291162,-28,0.08363504706734251,0.23577697529947192,11410660,홍은1동,0.19837559903363433
88082194840,9.746355685131196,9037449246.221956,0.1925522281070352,0.05379853964544479,0.025086899644279903,-48,0.12114866886030512,0.23039539658228617,11410685,홍은2동,0.2230563394015225
86202318394,7.864583333333333,10960824590.495365,0.11875277806579872,0.2895992580553701,0.02316245743821055,-30,0.1346578366445916,0.22224943966627117,11410690,남가좌1동,0.19064999579707348
114083801237,12.829971181556196,8891976421.66195,0.25973064948496793,0.040526666660726685,0.013403836780864875,-18,0.14375561545372864,0.2309480488580961,11410700,남가좌2동,0.2650790381390682
18034088899,6.01779359430605,2996794193.1513896,0.12858613052132542,-0.03102317809263222,0.026928213264575396,-19,0.12655233589591958,0.21858419946119842,11410710,북가좌1동,0.2634362436398792
167696269228,13.351851851851851,12559776058.68516,0.27026022913116016,0.05544857496424327,0.012934435297389912,-26,0.11188164586222839,0.2330229897653284,11410720,북가좌2동,0.20238246588104444
153658836932,14.359550561797754,10700811022.651016,0.26529632341965564,0.10800040183196535,0.011646022915366316,0,0.10250391236306729,0.17792781017924203,11440555,아현동,0.14885922282803912
194978952586,20.18258426966292,9660752556.801113,0.24575297071546862,0.03126637541722377,0.015749724939035037,-37,0.09004871259568545,0.20145433037278693,11440565,공덕동,0.187701789093985
233760656572,16.100574712643677,14518777170.632875,0.2336845309731354,0.1098441225721436,0.0008800905976609208,-17,0.11279671604497592,0.16295804210862583,11440585,도화동,0.15385026704110247
355666975579,17.87845303867403,19893610191.532448,0.17312523010819458,0.06986806988015326,-0.0007420046752237841,-33,0.10460444993819532,0.1906214065183595,11440590,용강동,0.21490789348885164
225250677308,14.691011235955056,15332550883.680305,0.3302739810689919,-0.005736780075403791,0.01702242951278965,5,0.11625239005736138,0.17210496370224748,11440600,대흥동,0.23745682799381426
79269021528,8.495356037151703,9330865143.419825,0.27825480033469147,0.0721325111711173,0.01635629117526971,-4,0.12609329446064138,0.23711018871805947,11440610,염리동,0.2281307693721696
63983705023,11.555240793201133,5537202224.34886,0.1954610794030198,-0.08382714354867227,0.021484421585003854,-7,0.07036038244667811,0.16946801306836226,11440630,신수동,0.1410435257301393
142769842700,18.373961218836566,7770226626.669682,0.504326575026758,0.03883270476888412,0.02435733980998167,-30,0.08714005728931101,0.2995632849149311,11440655,서강동,0.5342459726718393
1453682131390,84.51020408163265,17201261636.82927,0.5827131093171165,0.07909535251081956,0.04511946514517051,-97,0.08977300169041294,0.32440830453221053,11440660,서교동,0.5972378361911774
276047540380,20.731382978723403,13315442614.86594,0.4136849764710807,0.10515896407579906,0.019249959123188054,1,0.07427838357921746,0.2449971485270294,11440680,합정동,0.31514999904563223
206743868210,20.155882352941177,10257247218.940609,0.36117808646277527,0.02283047921148018,0.04339870150757674,-40,0.06449730045235663,0.2857196974083839,11440690,망원1동,0.35653231380003286
128078916950,13.048710601719197,9815446204.556435,0.265187091106176,0.048001987928646184,0.012453493502815327,-31,0.07817303469477382,0.24369987919389569,11440700,망원2동,0.18292126868065403
149475125204,26.109550561797754,5724921417.173103,0.6354008100971866,-0.0031845266929125815,0.050580487926022544,-26,0.03722431414739107,0.3685210035570916,11440710,연남동,0.654078770417872
131199445175,12.462395543175488,10527626467.998436,0.27175522785513945,0.01894878277634704,-0.004843791819632681,-27,0.06794814483683505,0.21238080086263597,11440720,성산1동,0.24304274721603242
133658190994,15.565934065934066,8586583396.014119,0.2519636959661663,0.006018221533478085,0.025323018688373722,-19,0.10554182845040593,0.24268786253777838,11440730,성산2동,0.2683364332769139
315503272850,20.373177842565596,15486208155.058674,0.324695225743995,0.03656390557022138,0.02185314669567462,11,0.1966227819118489,0.1482837551236515,11440740,상암동,0.4762628160046467
337220046159,29.40934065934066,11466426604.565716,0.22334101361663647,0.05212238639157407,0.010774232089037383,-141,0.13713218122372722,0.261852644805005,11470510,목1동,0.17424093632004709
115648179158,11.45664739884393,10094417252.438951,0.32344616273547644,-0.007805566733186664,0.009604919428148229,-45,0.0887991927346115,0.2686832381299151,11470520,목2동,0.2205679955502248
148063317448,12.406976744186046,11933875633.109653,0.2285862580911473,0.018602593843074722,0.009696793458795483,-18,0.0895032802249297,0.2665711309815931,11470530,목3동,0.19204616535797822
110931006802,13.458579881656805,8242400593.33392,0.16716255721989604,-0.03634800035062924,0.0029176067437592934,-45,0.10331941085952957,0.2665809814814269,11470540,목4동,0.21118821071849012
283812357405,19.04126984126984,14905117136.141214,0.0846809046186253,0.0930724506743621,-0.001772071494690608,-38,0.12587529176392132,0.2505064254251089,11470550,목5동,0.19092388720879114
125280865262,13.822368421052632,9063632327.379343,0.16898999756846045,-0.015682110372516322,0.004815149389991946,-36,0.07115659209900048,0.2760331097065727,11470560,신월1동,0.23217575867746393
61114274751,8.476666666666667,7209706026.464806,0.13597641429695642,-0.039276940678347416,0.0075462646063075844,-13,0.08297286669288242,0.23953399906394973,11470570,신월2동,0.23256444919350383
42106530611,6.898305084745763,6103895100.857493,0.20426975222587046,-0.0014609574509651946,0.005048555117203479,-23,0.09729729729729729,0.2161975470052578,11470580,신월3동,0.26913431655744857
73133061692,8.794788273615636,8315499977.571852,0.1860424950113683,0.051179689835715525,0.021118669765779696,-28,0.10074074074074073,0.2490454197132617,11470590,신월4동,0.18866673262494998
63273769590,7.267295597484277,8706645923.67806,0.1773793289498243,0.022913785025733713,0.0016481249270330345,-16,0.09865858935525745,0.21462792620065865,11470600,신월5동,0.2571840422323787
82601624382,6.857615894039735,12045239286.993723,0.174024609982518,0.0952116047232805,0.021261765639778663,-22,0.10140028971511347,0.22390717769020446,11470610,신월6동,0.18717848421218014
62830461535,8.35,7524606171.856288,0.17184415915814105,0.009194297470160429,-0.017108106029476766,-25,0.07410179640718563,0.22234714967385447,11470611,신월7동,0.27739365914048797
137350504715,12.302114803625377,11164788079.73109,0.17070957194261666,0.03439809814116623,0.010000364279065144,-31,0.10780943025540275,0.24623443027877337,11470620,신정1동,0.2516380871666169
129625587536,11.703470031545741,11075825134.477629,0.14460849633405978,0.039381938581964926,0.030880040832290234,-36,0.1,0.2273400825420811,11470630,신정2동,0.2564661037665736
156960562925,12.016949152542374,13061598325.211565,0.20993152528221287,0.03928495607200677,0.01004505128812827,-50,0.1473906911142454,0.23387732762235824,11470640,신정3동,0.2890338964602022
330334333571,26.381720430107528,12521334021.643774,0.23524559451310428,0.025129021837790866,0.03316166212890237,-56,0.07468921948237212,0.251632848485409,11470650,신정4동,0.29331898243909166
37867405005,9.854406130268199,3842687677.4125195,0.08225337668606374,0.001093233061830956,0.022197113004621016,-18,0.10264385692068431,0.20479815329241624,11470670,신정6동,0.23820457975491519
169451939227,9.558641975308642,17727616502.921535,0.14086961735517584,0.09429670745652552,0.014465224804312449,-36,0.14465611882466903,0.2286222664947065,11470680,신정7동,0.30608805033894876
230001877778,14.508152173913043,15853285450.890429,0.2853287570388577,0.030262988598949825,-0.011244342839361043,-34,0.14646937628769433,0.1595232867986155,11500510,염창동,0.3359631513655851
309897162683,15.8,19613744473.607594,0.28587784402409416,0.01736113129400718,0.047865934008616495,-28,0.13817079693349973,0.1875725775116583,11500520,등촌1동,0.24773566733255253
41637188720,7.053511705685619,5903043825.168326,0.2443460415499445,-0.011162658153116123,0.025875957027801766,-18,0.12043622569938359,0.20359162504955977,11500530,등촌2동,0.18683999640660656
265324867739,21.223796033994333,12501291819.523092,0.21991667025119654,0.028030522993278684,0.023600968066555428,-80,0.11452215696743194,0.1814049733677685,11500535,등촌3동,0.148764790033322
355643567163,24.14627659574468,14728712551.303888,0.3446098282858258,0.060603921332025745,0.001035398737146087,-125,0.10628923890296288,0.27772283975188894,11500540,화곡1동,0.3241826642082178
39896735417,7.723684210526316,5165505778.0102215,0.16810880353739796,-0.07564052200744431,-0.010954051852874791,-33,0.07282793867120954,0.19714450953920765,11500550,화곡2동,0.2742715605961185
122505784072,12.043478260869565,10171960410.31047,0.30133517736031035,0.019501998473600013,0.004274055914954333,-16,0.14672511603919547,0.23652901273600202,11500560,화곡3동,0.3055465329884749
149178856151,13.296407185628743,11219486141.507318,0.19082997872154667,-0.025363210194163432,0.0212000932695231,-27,0.08894393154694889,0.2632877420526911,11500570,화곡4동,0.23385682119033838
144024098989,13.165680473372781,10939358529.951012,0.26695150001901047,-0.014065454284288403,0.00057851783811258,-50,0.10269662921348315,0.2718860826200395,11500590,화곡본동,0.1931031454460593
154507885767,15.067846607669617,10254145120.401918,0.3151647392705469,0.020962631821183964,0.005379374804021841,11,0.12940485512920907,0.2717186782965269,11500591,화곡6동,0.21638553880792905
127631014262,12.489028213166144,10219451192.163153,0.25309075229701006,-0.020389176314497548,0.01743209207077978,-33,0.10993975903614459,0.23894794825022417,11500593,화곡8동,0.22370140337416194
451995484035,49.47012987012987,9136735343.561642,0.3619516458428414,0.06037423825136212,0.046544536575593876,-55,0.12501312611571985,0.19108099905775203,11500603,가양1동,0.4526255569219398
92265579044,5.376623376623376,17160506247.31401,0.2898966219812542,0.019421658718763224,0.014644864260867196,-29,0.12077294685990339,0.18464735537914434,11500604,가양2동,0.20731549621293735
48771663209,4.854166666666667,10047381261.939913,0.29304841977098217,0.11957809114946327,0.004237145690288768,-26,0.08941344778254649,0.08763985506672738,11500605,가양3동,0.19052642942500994
633518501392,40.93783783783784,15475133393.743975,0.1354576744774508,-0.036834178983301435,0.05923705602225615,43,0.08807024493299002,0.2968310360025969,11500611,발산1동,0.5188278433788589
120438305883,14.847701149425287,8111579339.516934,0.17788970161049172,0.039630775428335596,0.009390751560285127,-50,0.11496032514031353,0.23228205675009245,11500615,우장산동,0.22312997138802504
171099377646,15.03661971830986,11378845834.456724,0.22418391161165474,0.05175088743504208,0.019809481867585577,-29,0.11539902585237916,0.2004456578968847,11500620,공항동,0.17144746796790372
256063320677,20.710027100271002,12364219488.329365,0.22616172957098465,0.024777161750242804,0.03287588841566724,-77,0.11554566867312221,0.23859926542961443,11500630,방화1동,0.19974722789237617
116001204709,17.180281690140845,6751996666.944581,0.2156110936842667,0.020787296332299032,0.0015625025411538651,-71,0.09460567306115757,0.22563229715293903,11500640,방화2동,0.22498725112008525
51559454072,6.589743589743589,7824197310.536965,0.1907155675129624,0.017460519010516817,-0.007270589598224242,-29,0.10797665369649806,0.2307577519417766,11500641,방화3동,0.283830764901781
132603395690,19.48611111111111,6805021019.016394,0.2982821182307236,0.012749273838460029,0.017461103074579265,-48,0.12872416250890947,0.25085088221091845,11530510,신도림동,0.33167526263974195
49732539336,6.3875,7785916138.708415,0.1494689229475785,0.026463852277725186,0.004792873427784894,-12,0.10518590998043052,0.19559343622654385,11530520,구로1동,0.23285588587344733
699279669092,52.255319148936174,13381980638.161238,0.09386581149031568,-0.014303307607245075,-0.009297855225335327,-105,0.0256514657980456,0.0639285182294047,11530530,구로2동,0.2657768603807702
615094895800,38.6514745308311,15913879179.67677,0.37636013581434763,0.06502762656427219,0.016345177702308478,-67,0.12894499549143373,0.14386246983387826,11530540,구로3동,0.3306874694214035
210603037283,18.477011494252874,11398111504.58538,0.17104341220679886,0.038740765899051066,0.007204707818485145,-55,0.060342146189735615,0.2568417313769022,11530550,구로4동,0.2343528007839225
405594057930,27.96875,14501686987.441341,0.3073336292478756,0.08267445325589518,0.008362647632327747,-107,0.09394785847299814,0.24561471269925023,11530560,구로5동,0.28307770025168094
68403215288,10.163398692810457,6730348513.867524,0.21121123529312422,-0.029640235530507097,-0.009685198261688344,-38,0.03376205787781351,0.2700834360229409,11530595,가리봉동,0.26769719818046095
221261037219,14.490084985835693,15269823291.946629,0.18813434820337835,0.0231812091020418,0.02741571863900294,-49,0.13255131964809383,0.24192133113350286,11530720,고척1동,0.18739999575323035
113736413390,12.031609195402298,9453133952.643898,0.15510910537953618,0.010609061121304553,0.008115779372291687,-17,0.08430857415810844,0.25412793285374763,11530730,고척2동,0.1940640122399211
122804534057,13.732954545454545,8942324366.583368,0.18548738256217168,-0.007501487332183254,0.001637045797967529,-51,0.09826230864708316,0.2597556733385261,11530740,개봉1동,0.25871909714705926
106435831140,9.51602564102564,11184903777.59515,0.23080091290580398,0.011812085441331721,-0.014541225553109216,-17,0.13977770293027955,0.2507645181056835,11530750,개봉2동,0.22610014472634984
73340341885,8.269113149847096,8869190753.104658,0.16352921451887775,0.009071814336636841,-0.00601185869916443,-18,0.10687869822485206,0.2400240279708917,11530760,개봉3동,0.25359721069874785
141954927380,10.536023054755043,13473293162.160831,0.31066769484476064,0.0032556174890712164,0.02544495223878651,-40,0.08807439824945294,0.2532665852997036,11530770,오류1동,0.263439154609676
88392748605,12.113095238095237,7297288336.923834,0.18281351674232169,0.013439775826298295,0.0073765695272656195,-49,0.13046683046683047,0.223348638282793,11530780,오류2동,0.21026441597348122
51690135747,7.981538461538461,6476212073.159214,0.18793533457810285,-0.021366791914714245,-0.016269990245592836,-36,0.10447185813415574,0.20667665367119933,11530790,수궁동,0.28624968915325405
3106657583973,87.32552083333333,35575597538.11565,0.29211422239441986,0.02579637199472251,0.046388892315801344,-221,0.08218769570274058,0.35446746845228455,11545510,가산동,0.5724535243427384
884526034934,25.0531914893617,35305922413.50149,0.16679387834074144,-0.03702268940238973,0.011883447926228197,-103,0.1204883227176221,0.19526135940349937,11545610,독산1동,0.21101779154949799
84314447065,8.556231003039514,9854157401.202486,0.18800357066659962,-0.04301337043919462,0.00015914576058051466,-27,0.11474245115452932,0.27343174902430345,11545620,독산2동,0.17821103361253307
150801127895,15.272463768115943,9874053733.87265,0.1779018332852238,-0.015719002946671168,0.0028448750389002964,-53,0.0740178401973809,0.27242416803145225,11545630,독산3동,0.19995143994526984
69992846073,7.61144578313253,9195736009.590818,0.261183560101751,0.02302540957436916,-0.00031392776340877226,-32,0.10922041946972695,0.28294309417486974,11545640,독산4동,0.18866543537686808
343141700810,23.731638418079097,14459250337.666945,0.16738021150860424,0.007511366930950114,0.011034407604856522,-53,0.11141530770146411,0.2330011561762067,11545670,시흥1동,0.18162372427677073
19432619316,5.45985401459854,3559182949.5882354,0.14498232411110337,0.07255224688653406,0.0005806283480420671,-23,0.10695187165775401,0.19576971622490874,11545680,시흥2동,0.2526220900295972
43855579493,11.74164133738602,3735046765.0005174,0.17761229266719156,-0.07319090701205766,-0.012997898045297163,-31,0.03313486927258607,0.20207289848751195,11545690,시흥3동,0.3153393879357712
51289324871,6.676470588235294,7682101522.528634,0.20072045005257796,-0.008021542602816067,0.004585860571156175,-16,0.07323788546255507,0.21953269126313746,11545700,시흥4동,0.2438633423604053
109689105404,9.649006622516556,11367916894.99245,0.17520427822086315,-0.0025831475903956846,0.002241363652986772,-30,0.10123541523678793,0.24305719916125573,11545710,시흥5동,0.2505306554890018
250940189552,14.818965517241379,16933718433.991856,0.3879124008784115,0.11584817122602242,-0.014987526487303393,-60,0.09637386077176653,0.3446465544375401,11560515,영등포본동,0.23479310882063736
1123241322287,39.77835051546392,28237503761.00531,0.32046446514814625,0.04688367900951107,0.010746803606801025,-74,0.10800829337825579,0.2757989121004273,11560535,영등포동,0.3070632056824454
1402139296645,55.90691489361702,25079890373.36568,0.2758756959202006,0.08017146670048003,0.020538933799146175,-14,0.12354312354312355,0.13023277661422866,11560540,여의동,0.3935769946054113
584212431579,27.18617021276596,21489324425.132458,0.23034342639249858,-0.014774754080347563,0.04096774518502744,-87,0.07718646057522989,0.2017557907119977,11560550,당산1동,0.2667200859516557
231112711892,18.891534391534393,12233665466.34589,0.36385193207068595,0.029147110409791344,0.016040105049008435,-10,0.12225178546422068,0.1967669076214675,11560560,당산2동,0.26610813060466304
55733484794,8.620178041543026,6465467943.400345,0.19366173270690532,0.007040330575931453,0.024306659673587472,-18,0.07194492254733219,0.20256635078048085,11560585,도림동,0.2175436024028513
630122335695,28.773684210526316,21899258054.152187,0.23854377081112682,0.13846005659640892,0.027543814669945377,-2,0.08459850009145783,0.1423575966912226,11560605,문래동,0.19501345730809366
116224539423,13.502717391304348,8607492555.376133,0.27107229608659855,0.04184668845260031,0.017698299293968045,6,0.09881263835781848,0.1978956544993492,11560610,양평1동,0.23699892158515748
187771596780,16.765714285714285,11199737367.586912,0.25604994404095627,-0.13459783765853894,0.024832415458717616,2,0.09867075664621677,0.16089468158699652,11560620,양평2동,0.21527951980625357
126285903599,10.173374613003096,12413373969.104382,0.23389014612264206,-0.024144335104118064,-0.00018465360031094669,-23,0.08277541083384053,0.22733202388257157,11560630,신길1동,0.2518181943714702
82456289780,8.454810495626822,9752588756.737932,0.19104852184145896,-0.005992202454370377,0.009491497195461829,-5,0.07482758620689656,0.25690977106197904,11560650,신길3동,0.14381999633303263
33099771519,4.771626297577854,6936790405.359681,0.23476087916617622,0.04779170906929986,0.022671256067565038,-5,0.13560551124002904,0.22273806403068303,11560660,신길4동,0.1358967527753523
48227492375,4.706766917293233,10246416111.621405,0.1402897815501443,0.04000938538420251,0.015363887228279083,-10,0.1022364217252396,0.21120478736066567,11560670,신길5동,0.23970972505367535
136946612533,11.258823529411766,12163492231.248693,0.25065177376861725,-0.00496643854555423,0.01198976207104896,-13,0.09508881922675025,0.25398412394916686,11560680,신길6동,0.22836416999318745
35495994083,6.114457831325301,5805256175.15074,0.25572155862926704,-0.07789086342584772,0.008212280096748792,-15,0.11970443349753696,0.21770949175081877,11560690,신길7동,0.20714763795727995
119204093889,9.303125,12813338946.751764,0.1926483756118642,0.011365479986022553,0.006814425668421054,-28,0.10749076251259658,0.20860101947635049,11560700,대림1동,0.20712336002899398
162448966665,16.242990654205606,10001173436.798044,0.17646492746313217,0.019198507905978213,0.021058790679847617,-59,0.04296125815113157,0.29297552401885574,11560710,대림2동,0.2741336811305294
507042969656,16.10054347826087,31492289085.807255,0.13738800073938798,-0.04648324549677174,-0.005072621679733547,-39,0.0590717299578059,0.11588472234584841,11560720,대림3동,0.2782283604628252
1340431542692,16.262108262108264,82426676854.39594,0.2444476048377279,0.09939066500555582,-0.011432235272469504,-14,0.14067974772249472,0.35981471121335956,11590510,노량진1동,0.24826323725068672
3191402852832,18.46417445482866,172842975495.0349,0.24670337670010417,0.029820334734620424,-0.01852273468105292,-71,0.04066138012485237,0.39295783609585466,11590520,노량진2동,0.3178827786294549
239926982589,15.4375,15541828831.676113,0.2623519872328269,0.028493871402021087,0.018792176778834824,-21,0.1582467875374054,0.2156186104862547,11590530,상도1동,0.34514087669950955
106470973841,12.527536231884058,8498955570.371356,0.22058527805026992,0.03522967939717403,-0.0027330119345005954,-24,0.11962054604349838,0.2234830158831251,11590540,상도2동,0.23346725082701578
155999403068,8.97872340425532,17374341099.99052,0.1935024298448234,0.03212515805125604,0.005075936305270368,-2,0.0941096817874069,0.24393140595808988,11590550,상도3동,0.20529091328610838
84893970075,9.490506329113924,8945146563.42114,0.21338234442324142,-0.009604736207132869,0.01248367714326104,-28,0.09803267755918639,0.24692068476101364,11590560,상도4동,0.18882484172574446
202020682438,14.154761904761905,14272276976.275862,0.2619425868548902,0.02915909771316394,0.009470182299937235,-16,0.14255677039529016,0.17002738430775124,11590605,흑석동,0.25373736809050595
261036680792,16.932394366197183,15416406867.602728,0.4080630994993272,0.08208947650221243,0.0247473786660366,-31,0.08966894027616037,0.2499578344508266,11590620,사당1동,0.2803928555885398
311112817362,15.353260869565217,20263631290.126728,0.27071829431893824,0.034468752573850736,0.005157613783129733,-40,0.12141592920353983,0.2732891965169963,11590630,사당2동,0.15047200973982194
58858396649,8.45,6965490727.692308,0.23034355150464914,0.1393839260553782,0.015529321623030778,-30,0.09189001044204666,0.20727003123703455,11590640,사당3동,0.18823994051623075
88301009535,6.5060975609756095,13572038953.833178,0.19268912495565388,-0.0003147292133111046,0.0017967432036043451,-16,0.10918462980318651,0.2313570461490874,11590650,사당4동,0.22090458610608252
22167833736,5.256505576208179,4217218723.468175,0.23963084337705445,0.04818354442830142,0.021038495634289278,8,0.1082036775106082,0.21952490450598713,11590651,사당5동,0.11882283216255039
226900844998,14.778082191780822,15353876237.35076,0.2311214246137437,0.05875308726829798,0.012203274137932762,-37,0.12050426399703375,0.23040921225507477,11590660,대방동,0.1777348751509099
75421594770,10.393650793650794,7256506521.854001,0.27954623711280085,0.0768199373858689,0.01434607644510244,-22,0.08368967623701894,0.2522130063413402,11590670,신대방1동,0.17627593906004718
157356593959,11.606413994169095,13557727135.879679,0.29433003515612144,0.026486693892535218,0.024890786620865635,-23,0.14719919618186386,0.19125638838396256,11590680,신대방2동,0.34676263524220124
99221129424,15.286153846153846,6490915270.289855,0.30819998167248436,-0.013204049756673442,0.01048695101973407,-52,0.08514492753623189,0.2181822140069656,11620525,보라매동,0.21804773650443296
15231744733,5.43448275862069,2802795667.8743653,0.18938683128993322,-0.04705577659447324,0.01939637395206062,-15,0.09073604060913705,0.21368689044192898,11620545,청림동,0.31595641101057326
42011102928,7.694267515923567,5460052284.516556,0.17199066964234022,-0.2715914854826993,0.023306298691485594,-31,0.09271523178807946,0.17336724699854802,11620565,성현동,0.24392677329954346
152653957088,14.23314606741573,10725243482.00671,0.32206870802345433,-0.021175619911107835,0.01656651523509467,-14,0.10953226761397276,0.2414856774642878,11620575,행운동,0.3241688668221997
202648361469,13.923512747875353,14554399104.487692,0.5127531739204086,0.04487741506062837,0.024697270689113093,-1,0.14954221770091555,0.27637066386331227,11620585,낙성대동,0.5181579209926017
288190319064,18.4027027027027,15660217073.532091,0.35892257614326367,-0.06055800580272008,0.014832615945670646,-86,0.13922749302393891,0.2698479661585361,11620595,청룡동,0.2597670929624397
151960478872,13.677053824362606,11110614963.09362,0.27863647354431853,-0.01300529425455943,0.014848176471697894,-1,0.11888980944490474,0.2580945973790732,11620605,은천동,0.24051586140967324
149812543275,9.780415430267063,15317605304.513046,0.336942516384231,0.001482013154917583,0.012512325186549988,-23,0.12924757281553398,0.24998248357118413,11620615,중앙동,0.2660169746125095
163211978886,10.40974212034384,15678772538.181667,0.31094088293266303,0.02343800986515543,0.00012081255187368356,-45,0.10239471511147813,0.24876596901848314,11620625,인헌동,0.24353638598240923
115787862106,9.309037900874635,12438220075.902912,0.4204836244098603,0.07376945297627335,0.029322223156874827,-28,0.1271531475101785,0.275437569317962,11620630,남현동,0.285442962487818
233731489791,13.132183908045977,17798371651.48096,0.5648345004391595,0.06167553458105801,0.01333362263409521,-57,0.187746170678337,0.3298126419376817,11620645,서원동,0.446069081494058
82821356093,8.726993865030675,9490250293.960632,0.2152642786599681,0.031226952409540987,-0.01069407118920318,-16,0.07768014059753954,0.2647946838418595,11620655,신원동,0.2122247352764662
57250802582,8.533950617283951,6708593141.615912,0.30540014189245973,-0.04609068694404095,0.0029969700224363738,-40,0.09945750452079566,0.24687865103298684,11620665,서림동,0.2930086501943897
117581509879,13.379518072289157,8788172282.716795,0.2967235218607377,0.001581068106849992,0.011280877933176114,-45,0.09342638451148132,0.2484166687352324,11620685,신사동,0.24566066975854267
269573049440,17.345844504021446,15541073793.06337,0.49642219656971065,0.00782596115840617,0.00951887508201521,-60,0.10602782071097373,0.27344046799606514,11620695,신림동,0.4161434925828838
17238766564,4.767175572519084,3616138382.5204167,0.1299094060869029,-0.06083185507119204,0.03261443417681864,-7,0.07606084867894315,0.17724697104379214,11620715,난향동,0.18011586173881036
245680421980,13.994397759103641,17555626630.67654,0.23379067003424397,0.00856355397354669,0.018141959503955363,-4,0.09347477982385909,0.20441453530671766,11620725,조원동,0.17883409290175847
122381545608,14.764900662251655,8288680595.1146,0.45773040304156903,-0.022145920875544012,0.004459164203869825,-17,0.13074680421619198,0.26783102844598616,11620735,대학동,0.34029730421107485
46582655802,7.525477707006369,6189993195.864579,0.14541473955010462,-0.013144456311774189,-0.02223455910501415,-23,0.03681760473973762,0.2403611229379343,11620745,삼성동,0.327919797723607
108390280599,11.785310734463277,9197065995.217161,0.17654072700293888,0.016950347504668617,0.0032453476276292914,-45,0.10642377756471716,0.22086992321358442,11620765,미성동,0.2526056166343876
76013932749,7.664536741214057,9917616069.377657,0.2125377458017726,0.032892385041715766,0.008613660038478299,-37,0.11713213839099625,0.22156634777223214,11620775,난곡동,0.19317413303217748
280272557051,31.71875,8836179138.553694,0.22048689267053417,0.02848962530182919,0.021752516602617344,-34,0.07380952380952381,0.15693368539466523,11650510,서초1동,0.3161305776741793
539893915945,40.96042216358839,13180867955.627094,0.30483293927276967,0.03589486818082088,0.026472754793188225,-75,0.071437773769647,0.16019644878496983,11650520,서초2동,0.3712342290116485
781475813798,71.19587628865979,10976419626.181004,0.22452418394020046,0.045139520264784405,0.015142574726822788,-76,0.05531421951925862,0.1552273447062252,11650530,서초3동,0.2036195038989923
781562352328,34.853994490358126,22423896134.608284,0.43055683959912305,0.03610308444806387,0.019783284456901695,-1,0.06907998735377806,0.20600863366104047,11650531,서초4동,0.35832979273663085
323176784201,20.306849315068494,15914668946.757284,0.25367583750697625,0.05598270682717277,0.004224821144233282,-53,0.07110091743119265,0.15699321638600242,11650540,잠원동,0.18252697975700655
6117151351,5.514285714285714,1109327965.207254,0.10346535073004769,-0.16453477726452703,-0.07203236173287164,-26,0.02784974093264249,0.2020338165734556,11650550,반포본동,0.37624280341949207
326375931405,18.736263736263737,17419477863.844574,0.3246343162343154,0.06733795236553353,0.03344277788013672,-22,0.07448680351906158,0.19543830071172585,11650560,반포1동,0.28316974447113447
122082484542,6.595588235294118,18509718949.511703,0.08999294424762708,0.20427529583413584,0.07398747037586828,36,0.09085841694537346,0.26058278917198413,11650570,반포2동,0.18218037095400855
403692729333,14.339622641509434,28152256124.53816,0.1444661055832214,0.06480612016109544,0.009304012957535912,-56,0.06951754385964912,0.2728014865191122,11650580,반포3동,0.23682168151142138
444040215301,35.80397727272727,12401980146.469254,0.15119651716790977,0.06822494951869129,0.012700889050488717,-77,0.09815123383321431,0.19365728875865254,11650581,반포4동,0.1933134385958957
211614243028,14.48076923076923,14613466982.01328,0.2009405541543518,0.010145925421130908,0.0077449361291299645,-17,0.0650730411686587,0.2564484438640524,11650590,방배본동,0.24892244120067566
283080694495,15.124293785310735,18716952904.600296,0.27164032069787863,0.04577760671937048,0.03721658045955922,-18,0.10552857676503548,0.19346563961099555,11650600,방배1동,0.22252805988823074
187146877763,14.798927613941018,12645975616.95634,0.32943094938017153,0.09834665594528458,0.021851827636603094,-31,0.09039855072463769,0.2592512790325177,11650610,방배2동,0.2108038928439518
103247179130,8.146268656716417,12674168196.610481,0.1634702796068536,0.010320525171059192,0.0037260703478738666,-23,0.0718211799193844,0.10221309387748306,11650620,방배3동,0.24589970266584119
240994161885,19.430851063829788,12402656018.171366,0.2081222693142835,0.014791395050014922,0.010321436228429182,-48,0.0711743772241993,0.1827089313101764,11650621,방배4동,0.20405427919906527
496701872219,29.980978260869566,16567233660.526783,0.29098015893782525,0.06698076397539654,0.027555110688408213,-14,0.09054654219160699,0.181887633397457,11650651,양재1동,0.3547063116050944
553718311150,36.434895833333336,15197472052.147808,0.20113919025486068,0.02411161824085095,0.008378599932047148,-128,0.058609105853763124,0.1472852583430408,11650652,양재2동,0.23254031540233921
24596778042,10.66566265060241,2306165012.6924596,0.17645460891621279,0.01098107269767179,-0.0015969251695128195,1,0.06551821519344818,0.24188569282695485,11650660,내곡동,0.22762267538200187
1059496563935,43.523936170212764,24342848031.748245,0.3973963152605663,0.001979179795361441,0.022635501123618118,-59,0.06672777268560953,0.22120483176515363,11680510,신사동,0.5224398743688276
1015586396248,42.81108312342569,23722511138.53001,0.3755198083185737,0.0019151587824977057,0.013343005600784164,-112,0.07207578253706755,0.20755529530697484,11680521,논현1동,0.38033585166128103
766431336222,49.1968085106383,15578883253.29614,0.319290965538128,0.020682704168069055,0.026691765753725116,-102,0.07644069629149097,0.19601554893038003,11680531,논현2동,0.3849404911403244
1407695190475,47.216577540106954,29813579547.972702,0.4006227524210722,0.0009839182509854272,0.030898016021114083,28,0.05340053230647262,0.2693144885634479,11680545,압구정동,0.6602343199987327
1109389584801,46.453125,23881915044.488396,0.3292396085497041,0.022162328833360112,0.01314451931320515,-43,0.04411929588518892,0.2305333433528458,11680565,청담동,0.3996494778054581
1025006756578,38.920212765957444,26336103626.71368,0.32116357664706696,-0.022661877922856566,0.020704822457367156,-132,0.08008746754134209,0.246681139727452,11680580,삼성1동,0.4408386574186116
359982382101,33.5989010989011,10714111781.256254,0.27750297250372713,-0.004333501778965743,0.028999442007056953,-45,0.07244480784955028,0.16871728065836164,11680590,삼성2동,0.3558592399595472
531034815496,14.589830508474575,36397600039.80483,0.08444304108971885,0.08219823793363412,0.015132991353124181,-48,0.10060408921933085,0.23939935054777514,11680600,대치1동,0.27221787882317355
697012218267,31.752659574468087,21951301957.315685,0.132608040517295,0.0659261694145612,0.010571322036220021,-34,0.08367534969427924,0.1736344106820802,11680610,대치2동,0.2023959446677463
855433786063,40.526455026455025,21108033888.10066,0.1811716045963915,0.048197972616484064,0.021735409692875685,-122,0.1000718062536719,0.23322783951311768,11680630,대치4동,0.20695964500470146
2098356410393,115.93367346938776,18099628413.370945,0.42706336459646727,0.023938066809498393,0.021782883980993706,-104,0.08203142190731857,0.1769838721299235,11680640,역삼1동,0.4061857811543233
381629893021,33.444148936170215,11410961413.590137,0.2598458009224745,-0.02329542201283752,0.012255789141440765,-132,0.07117296222664016,0.15907177361931524,11680650,역삼2동,0.2071963333013998
275240714305,14.6938202247191,18731732803.016632,0.2187172069728436,-0.002143644766087305,0.012343617610715674,11,0.09080481743452495,0.13757143697876292,11680655,도곡1동,0.14176056939824636
290288907174,17.583333333333332,16509321735.01422,0.17867205311400708,0.04281377099153416,0.025714291130945144,-8,0.06961921882660566,0.20393417902639818,11680656,도곡2동,0.18472273799570915
2084143168,4.315217391304348,482975242.9622166,0.19052184902491306,0.258449211067566,0.01300355979373502,-3,0.031486146095717885,0.1657940070074879,11680660,개포1동,0.2375943444228506
117060718467,12.337704918032786,9488046540.641775,0.1751057074605132,0.11369516713711847,0.06989087539609296,27,0.09965453095934096,0.24469322133090168,11680670,개포2동,0.20970238054422594
221494412507,16.628099173553718,13320489022.53827,0.1820487283340642,-0.014236737840987557,0.030591431302305905,-54,0.06544068919814447,0.2022027682598295,11680690,개포4동,0.1939183738554433
149806135058,14.782608695652174,10133944430.394117,0.22384479424702466,0.0880288632444981,0.05140220472802648,-40,0.13,0.1947000484106168,11680700,세곡동,0.12750445311878977
45234055230,6.7362204724409445,6715049695.160726,0.22599317549623993,0.036809831061943576,0.008547092236537823,-14,0.10812390414962011,0.19268442317812504,11680720,일원본동,0.21455229276013596
128399821636,8.597560975609756,14934447339.222694,0.2315602991901963,0.09055211673925778,0.0122819638406928,-28,0.12624113475177307,0.18649411509218336,11680730,일원1동,0.1638236828897484
16756217076,6.0625,2763912095.010309,0.24074587311105566,0.03287740134392192,0.00014524328454079694,-11,0.07617411225658649,0.198961828847102,11680740,일원2동,0.34237902832445144
225358215794,10.067307692307692,22385152285.17288,0.279167282858276,0.016053625715980013,0.015725640997645174,-19,0.14453995542820758,0.160197997138923,11680750,수서동,0.336815750291016
40726502340,5.917763157894737,6882077104.702612,0.1220437633338881,-0.03469237159453753,-0.010245609147605528,-26,0.07337409672040023,0.23270479651997536,11710510,풍납1동,0.29187689397334887
100785342136,10.03048780487805,10047900371.00547,0.17152429060242408,-0.04922997211746438,-0.004050724137242057,-35,0.08936170212765956,0.15641066489339442,11710520,풍납2동,0.27378906847105294
67525394956,7.021604938271605,9616803501.425934,0.2233801213725403,0.01694998913780199,-0.006122692352779069,-24,0.09186813186813186,0.19615779871603778,11710531,거여1동,0.23479016896615212
102653062194,8.843450479233226,11607806526.994944,0.2010110141576085,0.03708904078690822,0.04579340737806992,-20,0.13728323699421965,0.2297422345124981,11710532,거여2동,0.189768233113553
141671920843,8.366013071895425,16934221788.264843,0.0846783943043626,-0.03653377902322741,-0.00014984120405314716,-41,0.069140625,0.11282555565625182,11710540,마천1동,0.28371652018787885
157899281314,11.338557993730408,13925869709.473597,0.12188037946625964,0.012035543675529059,-0.007731739158654771,-37,0.07879458114459496,0.22753658812134497,11710550,마천2동,0.2999701126734878
190472892171,13.96676737160121,13637578911.659311,0.19498500433677232,0.11095768682724261,0.021713460432468468,-21,0.10339606316244862,0.23624690355203815,11710561,방이1동,0.18927549855365988
491198256713,26.739473684210527,18369780292.386578,0.45036839452232774,0.06913295337793013,0.019955145440633704,12,0.10126956008266902,0.2902136822999584,11710562,방이2동,0.5030609768864168
22801453932,6.2821428571428575,3629566288.2092094,0.29639738177026,0.0902797638873496,0.0025903069321353556,-14,0.13644115974985785,0.40232486543876067,11710566,오륜동,0.27430621317424886
296193515158,19.127777777777776,15484993531.350567,0.1515089089883065,0.0008598324154132087,0.012891618153455742,-48,0.07362765030496661,0.1723427173676299,11710570,오금동,0.1965853204391537
273078775575,20.099462365591396,13586372143.09215,0.33876864916069743,0.01171754169561079,0.03045162842882343,-18,0.09134679684365388,0.23259075580758817,11710580,송파1동,0.30594544686207187
103321767494,10.26086956521739,10069494289.669493,0.1758340513682657,-0.05426730307403593,0.003951505887957563,-22,0.11592009685230026,0.2200459211590653,11710590,송파2동,0.21799964395303134
368402635797,25.059278350515463,14701246805.434126,0.260026520143535,0.02914897423597962,0.013439022993122718,-61,0.0988378072611334,0.24433250150142655,11710600,석촌동,0.2597162042477473
300232531350,18.048295454545453,16634952154.131907,0.22227052478269024,0.019557084109358414,0.013418071787582475,-19,0.11049897686132537,0.23442765107605984,11710610,삼전동,0.16003831248107175
294900213427,26.741935483870968,11027631623.92883,0.2427373083258884,0.017958751676261597,0.012529825996391075,-87,0.09509449135504623,0.22779808188789005,11710620,가락본동,0.1842644225136178
1733567986754,49.696113074204945,34883371747.111916,0.13963365948586237,0.03556018828569263,-0.001366203277234912,-44,0.021188850967007962,0.197234930564347,11710631,가락1동,0.38067109581339337
223978590098,18.005847953216374,12439213675.46541,0.1975329800345728,-0.008330695980195313,0.014630938624905943,-47,0.09483598570964598,0.19077061877791301,11710632,가락2동,0.2019340758705451
128275864440,12.726256983240223,10079622359.420546,0.24815823981361276,0.06125740986490347,0.003497378279671892,-35,0.08077260755048289,0.23839882291577874,11710641,문정1동,0.2295624785802066
571686098248,61.97631578947368,9224267221.529448,0.26374133015141493,-0.015178671734877858,0.022674091557886467,-182,0.08292641501422446,0.17045645642537,11710642,문정2동,0.3724976397992918
132610117546,10.976945244956772,12080785189.93489,0.1890120413195882,0.03262369729708903,-0.010681208137954479,-30,0.10081386190601209,0.20854771186977347,11710646,장지동,0.30374361166583574
27720819587,12.042622950819672,2301892179.154642,0.32244208811891506,0.07188071952698372,0.08676699631724905,-8,0.19575279063435885,0.32934331866874034,11710647,위례동,0.38381548638704366
633396216994,29.970744680851062,21133816451.303932,0.32977838143921007,0.0529199145155701,0.02305926101083977,-91,0.12947022805927766,0.2678108454279051,11710650,잠실본동,0.35888951499001626
262100781618,10.551829268292684,24839369075.61514,0.20791482829083457,0.11802128323746164,-0.0023383398012877255,-30,0.12250794568043917,0.2463214409795038,11710670,잠실2동,0.25336916063286014
270804761624,21.87043189368771,12382231998.90992,0.29900970597196386,0.11970067544386898,0.004620847406807016,-70,0.09509342245176972,0.2894134934001621,11710680,잠실3동,0.3615532698210709
51700066401,5.9004149377593365,8762106893.55907,0.19762681822788478,0.05612128185823462,-0.01076996720756429,-18,0.12447257383966245,0.18366721571205435,11710690,잠실4동,0.2793143797309654
1066392749164,19.908045977011493,53565917538.83834,0.5050793950739504,0.21281889343834037,0.003646162624854954,-68,0.125,0.35704457663885025,11710710,잠실6동,0.3646715505740448
19018150044,3.8934010152284264,4884713896.568448,0.1406215995673948,-0.08131707659811227,0.0007202888867605672,-12,0.05215123859191656,0.16240423515716373,11710720,잠실7동,0.27262565283202206
61156814582,10.617088607594937,5760224562.715946,0.22073307908965545,0.09655614066242513,0.06572471350961351,9,0.18002980625931445,0.21109402671210564,11740515,강일동,0.17207860646023002
78673623661,11.776666666666667,6680466203.877724,0.20496047800571132,-0.0037701553217949213,0.03556015508873167,-20,0.12425700537786584,0.19993988818640948,11740520,상일동,0.1561655870171145
242917207862,17.647222222222222,13765180990.133795,0.1837185011584406,0.04768251171600446,0.04613791661181965,-143,0.10404533291358413,0.2567021896300772,11740530,명일1동,0.18826987283323415
335987814489,12.774294670846395,26301868177.175705,0.1477897140362681,0.10098477284922946,0.02699493293016153,-36,0.14503067484662577,0.23936394951797577,11740540,명일2동,0.32120749130399573
33852269903,7.446666666666666,4545962833.885407,0.1740776890260398,-0.052733483371868006,-0.0021473558113316304,-14,0.13563115487914057,0.19523397913752005,11740550,고덕1동,0.2468889870763295
97615305711,10.33434650455927,9445716346.740883,0.21500498272408675,0.05826976125470229,0.04135744354539406,36,0.15529411764705883,0.23489950643484084,11740560,고덕2동,0.2086143351842325
147575487717,14.566666666666666,10131040346.704805,0.20870897591112583,0.022803232266709106,-0.00166487887167599,-45,0.09077040427154844,0.2742585442415421,11740570,암사1동,0.20586908273409274
97427290646,8.564356435643564,11375903300.862429,0.26790170265369695,0.03282757166045158,0.0019794633187351085,-26,0.11714836223506743,0.25043098831160737,11740580,암사2동,0.1985679611657754
74692574027,7.446308724832215,10030818864.374043,0.17195973640374326,0.10671413895374049,0.021644511924478138,-38,0.09058134294727355,0.21254319472590855,11740590,암사3동,0.14845101038016678
116546220015,12.649275362318841,9213667714.29308,0.19651616825541196,0.044376648028295884,0.030903950038637218,-87,0.10219981668194317,0.22880255343818068,11740600,천호1동,0.2293271002584763
579701384729,32.630026809651476,17765887478.75417,0.2423390409075422,0.036672100358642545,-0.0026881850108605443,-164,0.09300796976419357,0.2334370391995207,11740610,천호2동,0.18281314924244577
149841294893,16.491477272727273,9085983773.01223,0.3648644691040644,0.018812443702667547,0.005288847323101198,-41,0.09939707149009475,0.2656703770507772,11740620,천호3동,0.35024684067999035
181022897369,14.604651162790697,12394879915.393312,0.2222875205558991,-0.004012421286787582,0.020194036964411133,-33,0.09872611464968152,0.2907822558308817,11740640,성내1동,0.2068285108722412
210458654180,15.692307692307692,13411580903.62745,0.3030986993456788,0.0639998812224658,0.028527303528476766,-10,0.08630952380952382,0.22564573624225387,11740650,성내2동,0.26653079901250054
286247059314,22.112068965517242,12945286113.22573,0.19178977201571182,0.006679321288824092,0.02308081999510425,-52,0.08486029889538661,0.2460662003298878,11740660,성내3동,0.20342639055532047
427870752125,31.043478260869566,13782951398.984592,0.22834372014625817,0.04428150236855255,0.020785500532708667,-95,0.0978641456582633,0.24680918660256743,11740685,길동,0.18352092682425847
103781993014,12.296610169491526,8439886406.376292,0.18795820835092833,-0.031157191067290868,0.00014050089409534117,-11,0.07764759935676545,0.25503475191914565,11740700,둔촌2동,0.24194756279558646
563654623,5.474074074074074,102968029.9120433,0.22528780359173955,-0.12283093253009691,0.1021273669707301,4,0.1982408660351827,0.3629427732024474,11530800,항동,0.36345245069428345
